[{"@type":"mappingTemplate","id":"@1","name":"m_nishant_task","description":"","bundleVersion":"0","templateId":"@3","deployTime":1690469123000,"hasParameters":false,"valid":true,"fixedConnection":true,"hasParametersDeployed":false,"fixedConnectionDeployed":true,"isSchemaValidationEnabled":false,"tasks":1,"mappingPreviewFileRecordId":"@2","documentType":"MAPPING","references":[{"@type":"reference","refObjectId":"@1PhjMLmIcYRc509j69YGwY","refType":"connection"},{"@type":"reference","refObjectId":"@8ObXhJJfos0ks70BePm7eZ","refType":"connection"}]}]