[{"@type":"mappingTemplate","id":"@1","name":"di_cdc2sf_WPGTBL08","description":"","bundleVersion":"0","templateId":"@3","hasParameters":false,"valid":true,"fixedConnection":true,"hasParametersDeployed":false,"fixedConnectionDeployed":false,"isSchemaValidationEnabled":false,"tasks":1,"mappingPreviewFileRecordId":"@2","documentType":"MAPPING","references":[{"@type":"reference","refObjectId":"@8P9UKLIYGrQh3vE4XluN8E","refType":"connection"},{"@type":"reference","refObjectId":"@jAfuVddAMM2gkXhQzY2KiZ","refType":"connection"},{"@type":"reference","refObjectId":"@5rGgUSIkq06ljJMksz60Aa","refType":"mappletTemplate"}]}]