[{"@type":"mappingTemplate","id":"@1","name":"m_Amcas_User_Amcas_Institution_Otm_Legacy_Ref_Medical_Institution_Campus_Ins","description":"","bundleVersion":"0","templateId":"@3","deployTime":1690469081000,"hasParameters":true,"valid":true,"fixedConnection":true,"hasParametersDeployed":true,"fixedConnectionDeployed":true,"isSchemaValidationEnabled":false,"tasks":1,"mappingPreviewFileRecordId":"@2","documentType":"MAPPING","references":[{"@type":"reference","refObjectId":"@8DencfUjVhfdTmYkfJmwy1","refType":"connection"},{"@type":"reference","refObjectId":"@8EfluRFeHWzgNpb5OAocA8","refType":"connection"},{"@type":"reference","refObjectId":"@0mnsIKoRo4hd4EdYRPm8uK","refType":"connection"}]}]