[{"@type":"mtTask","id":"@1","name":"ditask_cdc2sf_WPGTBL08","description":"","errorTaskEmail":{"@type":"taskEmail","id":177550,"emails":"muthukumar.subburaman@dot.state.fl.us","emailType":"ERROR"},"successTaskEmail":{"@type":"taskEmail","id":177551,"emails":"muthukumar.subburaman@dot.state.fl.us","emailType":"SUCCESS"},"warningTaskEmail":{"@type":"taskEmail","id":177552,"emails":"muthukumar.subburaman@dot.state.fl.us","emailType":"WARNING"},"runtimeEnvironmentId":"@6tQAR8NV4H1kSfWT0bVgof","maxLogs":10,"verbose":false,"mappingId":"@2xIcvHxyAK1eipBUaBy5Ks","frsGuid":"6v3KxllI5jUkl3pogcU9En","shortDescription":"","sessionPropertiesList":[{"name":"Allow Temporary Sequence for Pushdown","value":"NO","recommended":false},{"name":"Allow Temporary View for Pushdown","value":"NO","recommended":false},{"name":"Default buffer block size","value":"2MB","recommended":false},{"name":"DTM buffer size","value":"1GB","recommended":false},{"name":"Pushdown Optimization","value":"None","recommended":false},{"name":"Pushdown Optimization Context","value":"None","recommended":false},{"name":"Run Only In Pushdown Mode","value":"NO","recommended":false}],"enableCrossSchemaPushdown":true,"enableParallelRun":false,"autoTunedApplied":false,"autoTunedAppliedType":"NONE","paramFileType":"PARAM_FILE_LOCAL","schemaMode":"async","valid":true,"schemaValidationErrorCount":-1,"parameterFileEncoding":"UTF-8","serverlessProperties":{},"taskProperties":[{"@type":"taskProperty","name":"parameterFileDir","currentValue":"","type":"STRING","label":"label.parameterFileDir","required":false},{"@type":"taskProperty","name":"parameterFileName","currentValue":"","type":"STRING","label":"label.parameterFileName","required":false}],"parameters":[{"@type":"mtTaskParameter","id":41029865,"name":"$WPGTBL08_cdc$","type":"EXTENDED_SOURCE","label":"WPGTBL08_cdc","uiProperties":{"connectionParameterized":"false","isSelectDistinct":"false","isMsrcFilterParameterized":"false","isMsrcSortParameterized":"false","objectParameterized":"false","visible":"false","originalPath":"WPGTBL08_cdc"},"sourceConnectionId":"@8P9UKLIYGrQh3vE4XluN8E","newFlatFile":false,"newObject":false,"showBusinessNames":false,"naturalOrder":true,"truncateTarget":false,"bulkApiDBTarget":false,"customFuncCfg":{"@type":"customFuncConfig","id":-1,"connections":[],"inputMap":[],"outputFields":[]},"targetRefsV2":{},"targetUpdateColumns":[],"extendedObject":{"@type":"extendedObject","object":{"@type":"mObject","name":"d1dsn/wpgtbl08_WPGTBL08","label":"wpgtbl08_WPGTBL08","metadataUpdated":false,"relations":[],"children":[]},"singleMode":true,"objects":[{"@type":"mObject","name":"d1dsn/wpgtbl08_WPGTBL08","label":"wpgtbl08_WPGTBL08","metadataUpdated":false,"relations":[],"children":[]}],"filters":[],"sortFields":[]},"runtimeAttrs":{},"isRESTModernSource":true,"isFileList":false,"handleSpecialChars":false,"handleDecimalRoundOff":false,"frsAsset":false,"dynamicFileName":false,"excludeDynamicFileNameField":false,"currentlyProcessedFileName":false,"retainFieldMetadata":false,"useExactSrcNames":false,"tgtObjectAttributes":{},"runtimeParameterData":{"@type":"mtTaskRuntimeParameterData","isConnectionRuntimeParameter":false,"isObjectRuntimeParameter":false},"overridableProperties":[],"overriddenFields":[]},{"@type":"mtTaskParameter","id":41029866,"name":"$WPGTBL08_sf$","type":"TARGET","label":"WPGTBL08_sf","uiProperties":{"connectionParameterized":"false","objectParameterized":"false","visible":"false","defaultTargetUpdateColumns":"WPITEM,WPITMSEG,WPPHAZGP,WPPHAZTP,FINPRJSQ,PCLSEQNO,PRCSEPSQ","supportApplyDDLChanges":"true","originalPath":"WPGTBL08_sf"},"targetConnectionId":"@jAfuVddAMM2gkXhQzY2KiZ","targetObject":"RAWPROD/DB2REAL/WPGTBL08","targetObjectLabel":"WPGTBL08","newFlatFile":false,"newObject":false,"showBusinessNames":false,"naturalOrder":true,"truncateTarget":false,"bulkApiDBTarget":false,"operationType":"Rowbased","customFuncCfg":{"@type":"customFuncConfig","id":-1,"connections":[],"inputMap":[],"outputFields":[]},"targetRefsV2":{},"targetUpdateColumns":["WPITEM","WPITMSEG","WPPHAZGP","WPPHAZTP","FINPRJSQ","PCLSEQNO","PRCSEPSQ"],"extendedObject":{"@type":"extendedObject","singleMode":true,"filters":[],"sortFields":[]},"runtimeAttrs":{},"isRESTModernSource":true,"isFileList":false,"handleSpecialChars":false,"handleDecimalRoundOff":false,"frsAsset":false,"dynamicFileName":false,"excludeDynamicFileNameField":false,"currentlyProcessedFileName":false,"retainFieldMetadata":false,"objectName":"RAWPROD/DB2REAL/WPGTBL08","objectLabel":"WPGTBL08","useExactSrcNames":false,"tgtObjectAttributes":{"parent":"","tableType":""},"targetSchemaMode":"DONT_APPLY_CHANGES","runtimeParameterData":{"@type":"mtTaskRuntimeParameterData","isConnectionRuntimeParameter":false,"isObjectRuntimeParameter":false},"overridableProperties":[],"overriddenFields":[]},{"@type":"mtTaskParameter","id":41029867,"name":"$sf_WPGTBL08_CDC_Latency_Data$","type":"TARGET","label":"sf_WPGTBL08_CDC_Latency_Data","uiProperties":{"connectionParameterized":"false","objectParameterized":"false","visible":"false","defaultTargetUpdateColumns":"","supportApplyDDLChanges":"true","originalPath":"sf_WPGTBL08_CDC_Latency_Data"},"targetConnectionId":"@jAfuVddAMM2gkXhQzY2KiZ","targetObject":"RAWPROD/AUDIT/CDC_LATENCY_RECORDS","targetObjectLabel":"CDC_LATENCY_RECORDS","newFlatFile":false,"newObject":false,"showBusinessNames":false,"naturalOrder":true,"truncateTarget":false,"bulkApiDBTarget":false,"operationType":"Insert","customFuncCfg":{"@type":"customFuncConfig","id":-1,"connections":[],"inputMap":[],"outputFields":[]},"targetRefsV2":{},"targetUpdateColumns":[],"extendedObject":{"@type":"extendedObject","singleMode":true,"filters":[],"sortFields":[]},"runtimeAttrs":{},"isRESTModernSource":true,"isFileList":false,"handleSpecialChars":false,"handleDecimalRoundOff":false,"frsAsset":false,"dynamicFileName":false,"excludeDynamicFileNameField":false,"currentlyProcessedFileName":false,"retainFieldMetadata":false,"objectName":"RAWPROD/AUDIT/CDC_LATENCY_RECORDS","objectLabel":"CDC_LATENCY_RECORDS","useExactSrcNames":false,"tgtObjectAttributes":{"parent":"","tableType":""},"targetSchemaMode":"DONT_APPLY_CHANGES","runtimeParameterData":{"@type":"mtTaskRuntimeParameterData","isConnectionRuntimeParameter":false,"isObjectRuntimeParameter":false},"overridableProperties":[],"overriddenFields":[]},{"@type":"mtTaskParameter","id":41029868,"name":"$Mapplet_seq_Unique_CDC_Latency_ID_Records$","type":"GENERATOR","label":"Mapplet_seq_Unique_CDC_Latency_ID_Records","uiProperties":{"visible":"false","originalPath":"Mapplet.seq_Unique_CDC_Latency_ID_Records"},"newFlatFile":false,"newObject":false,"showBusinessNames":true,"naturalOrder":true,"truncateTarget":false,"bulkApiDBTarget":false,"customFuncCfg":{"@type":"customFuncConfig","id":-1,"connections":[],"inputMap":[],"outputFields":[]},"targetRefsV2":{},"targetUpdateColumns":[],"runtimeAttrs":{},"isRESTModernSource":true,"isFileList":false,"handleSpecialChars":false,"handleDecimalRoundOff":false,"frsAsset":false,"dynamicFileName":false,"excludeDynamicFileNameField":false,"currentlyProcessedFileName":false,"retainFieldMetadata":false,"useExactSrcNames":false,"sequenceGeneratorData":{"@type":"sequenceGeneratorData","sequenceGeneratorId":"@8hQJpp16bUNjGHro6TdI8v"},"tgtObjectAttributes":{},"runtimeParameterData":{"@type":"mtTaskRuntimeParameterData","isConnectionRuntimeParameter":false,"isObjectRuntimeParameter":false},"overridableProperties":[],"overriddenFields":[]}],"sequences":[],"inOutParameters":[],"connRuntimeAttrs":[{"@type":"mtTaskConnRuntimeAttr","id":"98431","name":"101","value":"0","connectionId":"@8P9UKLIYGrQh3vE4XluN8E"},{"@type":"mtTaskConnRuntimeAttr","id":"98432","name":"102","value":"0","connectionId":"@8P9UKLIYGrQh3vE4XluN8E"},{"@type":"mtTaskConnRuntimeAttr","id":"98433","name":"103","value":"2","connectionId":"@8P9UKLIYGrQh3vE4XluN8E"},{"@type":"mtTaskConnRuntimeAttr","id":"98434","name":"104","value":"0","connectionId":"@8P9UKLIYGrQh3vE4XluN8E"},{"@type":"mtTaskConnRuntimeAttr","id":"98435","name":"105","value":"","connectionId":"@8P9UKLIYGrQh3vE4XluN8E"},{"@type":"mtTaskConnRuntimeAttr","id":"98436","name":"106","value":"4","connectionId":"@8P9UKLIYGrQh3vE4XluN8E"},{"@type":"mtTaskConnRuntimeAttr","id":"98437","name":"107","value":"1","connectionId":"@8P9UKLIYGrQh3vE4XluN8E"},{"@type":"mtTaskConnRuntimeAttr","id":"98438","name":"108","value":"0","connectionId":"@8P9UKLIYGrQh3vE4XluN8E"},{"@type":"mtTaskConnRuntimeAttr","id":"98439","name":"109","value":"1","connectionId":"@8P9UKLIYGrQh3vE4XluN8E"},{"@type":"mtTaskConnRuntimeAttr","id":"98440","name":"110","value":"1","connectionId":"@8P9UKLIYGrQh3vE4XluN8E"}]}]