[{"@type":"mappingTemplate","id":"@1","name":"di_cdc2sf_WPGTBL08","description":"","bundleVersion":"0","templateId":"@3","deployTime":1692895563000,"hasParameters":false,"valid":true,"fixedConnection":true,"hasParametersDeployed":false,"fixedConnectionDeployed":true,"isSchemaValidationEnabled":false,"tasks":1,"mappingPreviewFileRecordId":"@2","documentType":"MAPPING","references":[{"@type":"reference","refObjectId":"@6BgNlLawhkvdfc2MuPWUCF","refType":"mappletTemplate"},{"@type":"reference","refObjectId":"@7D0hCeGuGI8hU6c3qRjc64","refType":"connection"},{"@type":"reference","refObjectId":"@48TwwSSq3qIbTvaNnt9Wmt","refType":"connection"}]}]